Workbook

Sheet Instrucciones_diligenciamiento
B2: PLANTILLA PARA DILIGENCIAMIENTO Y CONVERSIÓN DE COORDENADAS GEOGRÁFICAS
B3: Corporación para el Desarrollo Sostenible del sur de la Amazonia colombiana
B4: Código: F-LAR-071 | F4: Versión: 2.0 | J4: Fecha: 08/05/2025
B6: INDICACIONES SOBRE LOS TÍTULOS DE COLUMNAS DE LAS HOJAS Coordenadas_POLIGONOS_LÍNEAS y Coordenadas_PUNTOS
B7: Id y Orden para levantamiento de polígonos o líneas: Id: Corresponde al número identificador de cada polígono o línea; si se levantan más de un polígono o línea, debe continuarse en la tabla con el número 2 y así sucesivamente y en Orden debe colocarse la secuencia según los vértices. Orden: Corresponde a la secuencia de números de acuerdo a los vértices que tenga el polígono o línea. Id y Orden para levantamiento de puntos: En Id se diligencia una secuencia cuantos puntos se levanten, en Orden se diligenciará el número 1 para todos los registros levantados. Nombre_objeto: Nombre del predio u objeto cartográfico levantado en campo G_Lat: El valor de los Grados de Latitud, no debe superar los 89° M_Lat: El valor de los Minutos de Latitud, no debe superar los 59’ S_Lat: El valor de los Segundos de Latitud, no debe superar los 60” Hemisf: Hemisferio donde se encuentra el predio Norte o Sur, obligatorio diligenciar este campo Latitud: No diligenciar este campo. G_Long: El valor de los Grados de Longitud, no debe superar los 179° M_Long: El valor de los Minutos de Minutos de Longitud, no debe superar los 59’ S_Long: El valor de los Segundos de Longitud, no debe superar los 60” Longitud: No diligenciar este campo. Vereda: Nombre de la vereda donde se encuentra el predio u objeto. Municipio: Municipio donde se encuentra localizado el predio u objeto cartográfico Departamento: Departamento donde se encuentra localizado el predio u objeto cartográfico Observaciones: Indique cualquier información relevante sobre el objeto.
B8: RECOMENDACIONES PARA EL DILIGENCIAMIENTO DE LATABLA
B9: 1.- Utilizar el archivo original suministrado, y hacer copia del mismo en blanco para futuros levantamientos. 2.- Solo diligenciar los datos en las Hojas “Coordenadas_POLIGONOS_LINEAS”, y "Coordenadas_PUNTOS"; la hoja “RESULTADOS” NO TOCAR su nombre aclara que los datos de esa hoja no se deben tocar. 3.- No colorear las celdas. 4.- NO TOCAR las columnas “Latitud” y “Longitud”, estas celdas tienen fórmulas y se alterarían los datos. 5.- En el ejemplo: 01°20’30.25” N, diligenciar los datos de coordenadas por separado en las casillas G_Lat (1), M_Lat (20), S_Lat (30.25). En el ejemplo: 76°36’12.45” W, diligenciar los datos de coordenadas por separado en las casillas G_Long (76), M_Long (36) y S_Long (12.45). 6.- En la columna “Hemisf” debe diligenciarse “N” para los datos tomados en el hemisferio Norte y “S” para los datos tomados en el hemisferio Sur, es obligatorio diligenciar este campo. 7.- Para separar decimales debe utilizarse el punto numérico del teclado si es un computador de mesa, si es portátil utilizar la coma. 8.- De ninguna manera se deben combinar celdas, si es necesario se repiten los textos. 9.- Cuando se copie datos de otra tabla deben pegarse como “PEGADO ESPECIAL/ SOLO VALORES” 10.- Para separar datos debe utilizarse guion bajo (_). 11.- El número de caracteres de las celdas o filas no debe superar los 250 incluidos espacios. 12.- No dejar filas vacías, todos los registros deben estar diligenciados de manera continua. 13.- Utilizar la primera letra del texto en mayúscula y el resto minúsculas. 14.- Para el diligenciamiento de los datos utilizar minúsculas en todos los textos. No utilizar mayúsculas. 15.- Los nombres propios deben ir con Mayúscula la primera letra. 16.- Evitar a toda costa errores de ortografía y de digitación, por ejemplo: Caquetá, Villagarzón, etc.

Sheet Coordenadas_POLÍGONOS_LINEAS
D2: 0-89 | E2: 0-59 | F2: 0-60 | G2: N/S | I2: 0-179 | J2: 0-59 | K2: 0-60 | L2: Occidente
A3: ID | B3: Orden | C3: Nombre_objeto | D3: G_Lat | E3: M_Lat | F3: S_Lat | G3: Hemisf | H3: Latitud | I3: G_Long | J3: M_Long | K3: S_Long | L3: Longitud | M3: Vereda | N3: Municipio | O3: Departamento | P3: Observaciones
O4: Caqueta
O5: Caqueta
O6: Caqueta
O7: Caqueta
O8: Caqueta
O9: Caqueta
O10: Caqueta
O11: Caqueta
O12: Caqueta
O13: Caqueta
O14: Caqueta
O15: Caqueta
... O56: Caqueta

Sheet Coordenadas_PUNTOS
D2: 0-89 | E2: 0-59 | F2: 0-60 | G2: N/S | I2: 0-179 | J2: 0-59 | K2: 0-60 | L2: Occidente
A3: ID | B3: Orden | C3: Nombre_objeto | D3: G_Lat | E3: M_Lat | F3: S_Lat | G3: Hemisf | H3: Latitud | I3: G_Long | J3: M_Long | K3: S_Long | L3: Longitud | M3: Vereda | N3: Municipio | O3: Departamento | P3: Observaciones
O4: Caqueta
O5: Caqueta
O6: Caqueta
O7: Caqueta
O8: Caqueta
O9: Caqueta
O10: Caqueta
O11: Caqueta
O12: Caqueta
O13: Caqueta
O14: Caqueta
O15: Caqueta
O16: Caqueta

Sheet RESULTADOS-NO TOCAR
A1: ID | B1: Order | C1: Nombre | D1: Latitud (GMS) | E1: Longitud (GMS) | F1: Latitud | G1: Longitud | H1: Mpio | I1: Dpto | J1: Vereda
A2: =Coordenadas_POLÍGONOS_LINEAS!A4 -> 0 | B2: =Coordenadas_POLÍGONOS_LINEAS!B4 -> 0 | C2: =Coordenadas_POLÍGONOS_LINEAS!C4 -> 0 | D2: =CONCATENATE(Coordenadas_POLÍGONOS_LINEAS!D4,SIMB!$A$2,Coordenadas_POLÍGONOS_LINEAS!E4,SIMB!$A$3,ROUND(Coordenadas_POLÍGONOS_LINEAS!F4,2),SIMB!$A$4,Coordenadas_POLÍGONOS_LINEAS!G4) -> °'0" | E2: =CONCATENATE(Coordenadas_POLÍGONOS_LINEAS!I4,SIMB!$A$2,Coordenadas_POLÍGONOS_LINEAS!J4,SIMB!$A$3,ROUND(Coordenadas_POLÍGONOS_LINEAS!K4,2),SIMB!$A$4,SIMB!$A$5) -> °'0"W | F2: =Coordenadas_POLÍGONOS_LINEAS!H4 -> 0 | G2: =Coordenadas_POLÍGONOS_LINEAS!L4 -> 0 | H2: =Coordenadas_POLÍGONOS_LINEAS!N4 -> 0 | I2: =Coordenadas_POLÍGONOS_LINEAS!O4 -> Caqueta | J2: =Coordenadas_POLÍGONOS_LINEAS!P4 -> 0
A3: =Coordenadas_POLÍGONOS_LINEAS!A5 -> 0 | B3: =Coordenadas_POLÍGONOS_LINEAS!B5 -> 0 | C3: =Coordenadas_POLÍGONOS_LINEAS!C5 -> 0 | D3: =CONCATENATE(Coordenadas_POLÍGONOS_LINEAS!D5,SIMB!$A$2,Coordenadas_POLÍGONOS_LINEAS!E5,SIMB!$A$3,ROUND(Coordenadas_POLÍGONOS_LINEAS!F5,2),SIMB!$A$4,Coordenadas_POLÍGONOS_LINEAS!G5) -> °'0" | E3: =CONCATENATE(Coordenadas_POLÍGONOS_LINEAS!I5,SIMB!$A$2,Coordenadas_POLÍGONOS_LINEAS!J5,SIMB!$A$3,ROUND(Coordenadas_POLÍGONOS_LINEAS!K5,2),SIMB!$A$4,SIMB!$A$5) -> °'0"W | F3: =Coordenadas_POLÍGONOS_LINEAS!H5 -> 0 | G3: =Coordenadas_POLÍGONOS_LINEAS!L5 -> 0 | H3: =Coordenadas_POLÍGONOS_LINEAS!N5 -> 0 | I3: =Coordenadas_POLÍGONOS_LINEAS!O5 -> Caqueta | J3: =Coordenadas_POLÍGONOS_LINEAS!P5 -> 0
A4: =Coordenadas_POLÍGONOS_LINEAS!A6 -> 0 | B4: =Coordenadas_POLÍGONOS_LINEAS!B6 -> 0 | C4: =Coordenadas_POLÍGONOS_LINEAS!C6 -> 0 | D4: =CONCATENATE(Coordenadas_POLÍGONOS_LINEAS!D6,SIMB!$A$2,Coordenadas_POLÍGONOS_LINEAS!E6,SIMB!$A$3,ROUND(Coordenadas_POLÍGONOS_LINEAS!F6,2),SIMB!$A$4,Coordenadas_POLÍGONOS_LINEAS!G6) -> °'0" | E4: =CONCATENATE(Coordenadas_POLÍGONOS_LINEAS!I6,SIMB!$A$2,Coordenadas_POLÍGONOS_LINEAS!J6,SIMB!$A$3,ROUND(Coordenadas_POLÍGONOS_LINEAS!K6,2),SIMB!$A$4,SIMB!$A$5) -> °'0"W | F4: =Coordenadas_POLÍGONOS_LINEAS!H6 -> 0 | G4: =Coordenadas_POLÍGONOS_LINEAS!L6 -> 0 | H4: =Coordenadas_POLÍGONOS_LINEAS!N6 -> 0 | I4: =Coordenadas_POLÍGONOS_LINEAS!O6 -> Caqueta | J4: =Coordenadas_POLÍGONOS_LINEAS!P6 -> 0
A5: =Coordenadas_POLÍGONOS_LINEAS!A7 -> 0 | B5: =Coordenadas_POLÍGONOS_LINEAS!B7 -> 0 | C5: =Coordenadas_POLÍGONOS_LINEAS!C7 -> 0 | D5: =CONCATENATE(Coordenadas_POLÍGONOS_LINEAS!D7,SIMB!$A$2,Coordenadas_POLÍGONOS_LINEAS!E7,SIMB!$A$3,ROUND(Coordenadas_POLÍGONOS_LINEAS!F7,2),SIMB!$A$4,Coordenadas_POLÍGONOS_LINEAS!G7) -> °'0" | E5: =CONCATENATE(Coordenadas_POLÍGONOS_LINEAS!I7,SIMB!$A$2,Coordenadas_POLÍGONOS_LINEAS!J7,SIMB!$A$3,ROUND(Coordenadas_POLÍGONOS_LINEAS!K7,2),SIMB!$A$4,SIMB!$A$5) -> °'0"W | F5: =Coordenadas_POLÍGONOS_LINEAS!H7 -> 0 | G5: =Coordenadas_POLÍGONOS_LINEAS!L7 -> 0 | H5: =Coordenadas_POLÍGONOS_LINEAS!N7 -> 0 | I5: =Coordenadas_POLÍGONOS_LINEAS!O7 -> Caqueta | J5: =Coordenadas_POLÍGONOS_LINEAS!P7 -> 0
A6: =Coordenadas_POLÍGONOS_LINEAS!A8 -> 0 | B6: =Coordenadas_POLÍGONOS_LINEAS!B8 -> 0 | C6: =Coordenadas_POLÍGONOS_LINEAS!C8 -> 0 | D6: =CONCATENATE(Coordenadas_POLÍGONOS_LINEAS!D8,SIMB!$A$2,Coordenadas_POLÍGONOS_LINEAS!E8,SIMB!$A$3,ROUND(Coordenadas_POLÍGONOS_LINEAS!F8,2),SIMB!$A$4,Coordenadas_POLÍGONOS_LINEAS!G8) -> °'0" | E6: =CONCATENATE(Coordenadas_POLÍGONOS_LINEAS!I8,SIMB!$A$2,Coordenadas_POLÍGONOS_LINEAS!J8,SIMB!$A$3,ROUND(Coordenadas_POLÍGONOS_LINEAS!K8,2),SIMB!$A$4,SIMB!$A$5) -> °'0"W | F6: =Coordenadas_POLÍGONOS_LINEAS!H8 -> 0 | G6: =Coordenadas_POLÍGONOS_LINEAS!L8 -> 0 | H6: =Coordenadas_POLÍGONOS_LINEAS!N8 -> 0 | I6: =Coordenadas_POLÍGONOS_LINEAS!O8 -> Caqueta | J6: =Coordenadas_POLÍGONOS_LINEAS!P8 -> 0
A7: =Coordenadas_POLÍGONOS_LINEAS!A9 -> 0 | B7: =Coordenadas_POLÍGONOS_LINEAS!B9 -> 0 | C7: =Coordenadas_POLÍGONOS_LINEAS!C9 -> 0 | D7: =CONCATENATE(Coordenadas_POLÍGONOS_LINEAS!D9,SIMB!$A$2,Coordenadas_POLÍGONOS_LINEAS!E9,SIMB!$A$3,ROUND(Coordenadas_POLÍGONOS_LINEAS!F9,2),SIMB!$A$4,Coordenadas_POLÍGONOS_LINEAS!G9) -> °'0" | E7: =CONCATENATE(Coordenadas_POLÍGONOS_LINEAS!I9,SIMB!$A$2,Coordenadas_POLÍGONOS_LINEAS!J9,SIMB!$A$3,ROUND(Coordenadas_POLÍGONOS_LINEAS!K9,2),SIMB!$A$4,SIMB!$A$5) -> °'0"W | F7: =Coordenadas_POLÍGONOS_LINEAS!H9 -> 0 | G7: =Coordenadas_POLÍGONOS_LINEAS!L9 -> 0 | H7: =Coordenadas_POLÍGONOS_LINEAS!N9 -> 0 | I7: =Coordenadas_POLÍGONOS_LINEAS!O9 -> Caqueta | J7: =Coordenadas_POLÍGONOS_LINEAS!P9 -> 0
A8: =Coordenadas_POLÍGONOS_LINEAS!A10 -> 0 | B8: =Coordenadas_POLÍGONOS_LINEAS!B10 -> 0 | C8: =Coordenadas_POLÍGONOS_LINEAS!C10 -> 0 | D8: =CONCATENATE(Coordenadas_POLÍGONOS_LINEAS!D10,SIMB!$A$2,Coordenadas_POLÍGONOS_LINEAS!E10,SIMB!$A$3,ROUND(Coordenadas_POLÍGONOS_LINEAS!F10,2),SIMB!$A$4,Coordenadas_POLÍGONOS_LINEAS!G10) -> °'0" | E8: =CONCATENATE(Coordenadas_POLÍGONOS_LINEAS!I10,SIMB!$A$2,Coordenadas_POLÍGONOS_LINEAS!J10,SIMB!$A$3,ROUND(Coordenadas_POLÍGONOS_LINEAS!K10,2),SIMB!$A$4,SIMB!$A$5) -> °'0"W | F8: =Coordenadas_POLÍGONOS_LINEAS!H10 -> 0 | G8: =Coordenadas_POLÍGONOS_LINEAS!L10 -> 0 | H8: =Coordenadas_POLÍGONOS_LINEAS!N10 -> 0 | I8: =Coordenadas_POLÍGONOS_LINEAS!O10 -> Caqueta | J8: =Coordenadas_POLÍGONOS_LINEAS!P10 -> 0
A9: =Coordenadas_POLÍGONOS_LINEAS!A11 -> 0 | B9: =Coordenadas_POLÍGONOS_LINEAS!B11 -> 0 | C9: =Coordenadas_POLÍGONOS_LINEAS!C11 -> 0 | D9: =CONCATENATE(Coordenadas_POLÍGONOS_LINEAS!D11,SIMB!$A$2,Coordenadas_POLÍGONOS_LINEAS!E11,SIMB!$A$3,ROUND(Coordenadas_POLÍGONOS_LINEAS!F11,2),SIMB!$A$4,Coordenadas_POLÍGONOS_LINEAS!G11) -> °'0" | E9: =CONCATENATE(Coordenadas_POLÍGONOS_LINEAS!I11,SIMB!$A$2,Coordenadas_POLÍGONOS_LINEAS!J11,SIMB!$A$3,ROUND(Coordenadas_POLÍGONOS_LINEAS!K11,2),SIMB!$A$4,SIMB!$A$5) -> °'0"W | F9: =Coordenadas_POLÍGONOS_LINEAS!H11 -> 0 | G9: =Coordenadas_POLÍGONOS_LINEAS!L11 -> 0 | H9: =Coordenadas_POLÍGONOS_LINEAS!N11 -> 0 | I9: =Coordenadas_POLÍGONOS_LINEAS!O11 -> Caqueta | J9: =Coordenadas_POLÍGONOS_LINEAS!P11 -> 0
A10: =Coordenadas_POLÍGONOS_LINEAS!A12 -> 0 | B10: =Coordenadas_POLÍGONOS_LINEAS!B12 -> 0 | C10: =Coordenadas_POLÍGONOS_LINEAS!C12 -> 0 | D10: =CONCATENATE(Coordenadas_POLÍGONOS_LINEAS!D12,SIMB!$A$2,Coordenadas_POLÍGONOS_LINEAS!E12,SIMB!$A$3,ROUND(Coordenadas_POLÍGONOS_LINEAS!F12,2),SIMB!$A$4,Coordenadas_POLÍGONOS_LINEAS!G12) -> °'0" | E10: =CONCATENATE(Coordenadas_POLÍGONOS_LINEAS!I12,SIMB!$A$2,Coordenadas_POLÍGONOS_LINEAS!J12,SIMB!$A$3,ROUND(Coordenadas_POLÍGONOS_LINEAS!K12,2),SIMB!$A$4,SIMB!$A$5) -> °'0"W | F10: =Coordenadas_POLÍGONOS_LINEAS!H12 -> 0 | G10: =Coordenadas_POLÍGONOS_LINEAS!L12 -> 0 | H10: =Coordenadas_POLÍGONOS_LINEAS!N12 -> 0 | I10: =Coordenadas_POLÍGONOS_LINEAS!O12 -> Caqueta | J10: =Coordenadas_POLÍGONOS_LINEAS!P12 -> 0
A11: =Coordenadas_POLÍGONOS_LINEAS!A13 -> 0 | B11: =Coordenadas_POLÍGONOS_LINEAS!B13 -> 0 | C11: =Coordenadas_POLÍGONOS_LINEAS!C13 -> 0 | D11: =CONCATENATE(Coordenadas_POLÍGONOS_LINEAS!D13,SIMB!$A$2,Coordenadas_POLÍGONOS_LINEAS!E13,SIMB!$A$3,ROUND(Coordenadas_POLÍGONOS_LINEAS!F13,2),SIMB!$A$4,Coordenadas_POLÍGONOS_LINEAS!G13) -> °'0" | E11: =CONCATENATE(Coordenadas_POLÍGONOS_LINEAS!I13,SIMB!$A$2,Coordenadas_POLÍGONOS_LINEAS!J13,SIMB!$A$3,ROUND(Coordenadas_POLÍGONOS_LINEAS!K13,2),SIMB!$A$4,SIMB!$A$5) -> °'0"W | F11: =Coordenadas_POLÍGONOS_LINEAS!H13 -> 0 | G11: =Coordenadas_POLÍGONOS_LINEAS!L13 -> 0 | H11: =Coordenadas_POLÍGONOS_LINEAS!N13 -> 0 | I11: =Coordenadas_POLÍGONOS_LINEAS!O13 -> Caqueta | J11: =Coordenadas_POLÍGONOS_LINEAS!P13 -> 0
A12: =Coordenadas_POLÍGONOS_LINEAS!A14 -> 0 | B12: =Coordenadas_POLÍGONOS_LINEAS!B14 -> 0 | C12: =Coordenadas_POLÍGONOS_LINEAS!C14 -> 0 | D12: =CONCATENATE(Coordenadas_POLÍGONOS_LINEAS!D14,SIMB!$A$2,Coordenadas_POLÍGONOS_LINEAS!E14,SIMB!$A$3,ROUND(Coordenadas_POLÍGONOS_LINEAS!F14,2),SIMB!$A$4,Coordenadas_POLÍGONOS_LINEAS!G14) -> °'0" | E12: =CONCATENATE(Coordenadas_POLÍGONOS_LINEAS!I14,SIMB!$A$2,Coordenadas_POLÍGONOS_LINEAS!J14,SIMB!$A$3,ROUND(Coordenadas_POLÍGONOS_LINEAS!K14,2),SIMB!$A$4,SIMB!$A$5) -> °'0"W | F12: =Coordenadas_POLÍGONOS_LINEAS!H14 -> 0 | G12: =Coordenadas_POLÍGONOS_LINEAS!L14 -> 0 | H12: =Coordenadas_POLÍGONOS_LINEAS!N14 -> 0 | I12: =Coordenadas_POLÍGONOS_LINEAS!O14 -> Caqueta | J12: =Coordenadas_POLÍGONOS_LINEAS!P14 -> 0
A13: =Coordenadas_POLÍGONOS_LINEAS!A15 -> 0 | B13: =Coordenadas_POLÍGONOS_LINEAS!B15 -> 0 | C13: =Coordenadas_POLÍGONOS_LINEAS!C15 -> 0 | D13: =CONCATENATE(Coordenadas_POLÍGONOS_LINEAS!D15,SIMB!$A$2,Coordenadas_POLÍGONOS_LINEAS!E15,SIMB!$A$3,ROUND(Coordenadas_POLÍGONOS_LINEAS!F15,2),SIMB!$A$4,Coordenadas_POLÍGONOS_LINEAS!G15) -> °'0" | E13: =CONCATENATE(Coordenadas_POLÍGONOS_LINEAS!I15,SIMB!$A$2,Coordenadas_POLÍGONOS_LINEAS!J15,SIMB!$A$3,ROUND(Coordenadas_POLÍGONOS_LINEAS!K15,2),SIMB!$A$4,SIMB!$A$5) -> °'0"W | F13: =Coordenadas_POLÍGONOS_LINEAS!H15 -> 0 | G13: =Coordenadas_POLÍGONOS_LINEAS!L15 -> 0 | H13: =Coordenadas_POLÍGONOS_LINEAS!N15 -> 0 | I13: =Coordenadas_POLÍGONOS_LINEAS!O15 -> Caqueta | J13: =Coordenadas_POLÍGONOS_LINEAS!P15 -> 0
... A2807: =Coordenadas_POLÍGONOS_LINEAS!A2809 -> 0 | B2807: =Coordenadas_POLÍGONOS_LINEAS!B2809 -> 0 | C2807: =Coordenadas_POLÍGONOS_LINEAS!C2809 -> 0 | D2807: =CONCATENATE(Coordenadas_POLÍGONOS_LINEAS!D2809,SIMB!$A$2,Coordenadas_POLÍGONOS_LINEAS!E2809,SIMB!$A$3,ROUND(Coordenadas_POLÍGONOS_LINEAS!F2809,2),SIMB!$A$4,Coordenadas_POLÍGONOS_LINEAS!G2809) -> °'0" | E2807: =CONCATENATE(Coordenadas_POLÍGONOS_LINEAS!I2809,SIMB!$A$2,Coordenadas_POLÍGONOS_LINEAS!J2809,SIMB!$A$3,ROUND(Coordenadas_POLÍGONOS_LINEAS!K2809,2),SIMB!$A$4,SIMB!$A$5) -> °'0"W | F2807: =Coordenadas_POLÍGONOS_LINEAS!H2809 -> 0 | G2807: =Coordenadas_POLÍGONOS_LINEAS!L2809 -> 0 | H2807: =Coordenadas_POLÍGONOS_LINEAS!N2809 -> 0 | I2807: =Coordenadas_POLÍGONOS_LINEAS!O2809 -> 0 | J2807: =Coordenadas_POLÍGONOS_LINEAS!P2809 -> 0

Sheet SIMB
A1: Simbolos
A2: °
A3: '
A4: "
A5: W

Sheet Opciones
A1: Latitud
A2: Norte
A3: Sur
